{
    "ks_statistic": 0.03873239436619718,
    "p_value": 0.9837311226348432,
    "concept_drift_detected": false
}