{
    "accuracy": 0.9649122807017544,
    "precision": 0.9487179487179487,
    "recall": 1.0,
    "roc_auc": 0.9993243243243243
}