{
    "mean radius": {
        "mean": 14.067213186813188,
        "std": 3.499379711025979,
        "min": 6.981,
        "max": 28.11
    },
    "mean texture": {
        "mean": 19.247362637362635,
        "std": 4.405290780595141,
        "min": 9.71,
        "max": 39.28
    },
    "mean perimeter": {
        "mean": 91.5574065934066,
        "std": 24.14923092051545,
        "min": 43.79,
        "max": 188.5
    },
    "mean area": {
        "mean": 648.541098901099,
        "std": 344.94456376884625,
        "min": 143.5,
        "max": 2499.0
    },
    "mean smoothness": {
        "mean": 0.09616742857142857,
        "std": 0.013457714006497524,
        "min": 0.06251,
        "max": 0.1447
    },
    "mean compactness": {
        "mean": 0.10386890109890111,
        "std": 0.053521662201214806,
        "min": 0.01938,
        "max": 0.3454
    },
    "mean concavity": {
        "mean": 0.08919332241758242,
        "std": 0.081746944862461,
        "min": 0.0,
        "max": 0.4268
    },
    "mean concave points": {
        "mean": 0.048343951648351646,
        "std": 0.03892455260574138,
        "min": 0.0,
        "max": 0.2012
    },
    "mean symmetry": {
        "mean": 0.180618021978022,
        "std": 0.028074412300790167,
        "min": 0.106,
        "max": 0.304
    },
    "mean fractal dimension": {
        "mean": 0.06281978021978021,
        "std": 0.007159418610575729,
        "min": 0.04996,
        "max": 0.09744
    },
    "radius error": {
        "mean": 0.39897186813186813,
        "std": 0.26782509727634546,
        "min": 0.1115,
        "max": 2.873
    },
    "texture error": {
        "mean": 1.2187292307692308,
        "std": 0.5715227821630082,
        "min": 0.3602,
        "max": 4.885
    },
    "perimeter error": {
        "mean": 2.8225501098901096,
        "std": 1.9734745390539097,
        "min": 0.757,
        "max": 21.98
    },
    "area error": {
        "mean": 39.24374725274725,
        "std": 41.76319667421537,
        "min": 6.802,
        "max": 525.6
    },
    "smoothness error": {
        "mean": 0.007083657142857143,
        "std": 0.0031353538813800926,
        "min": 0.001713,
        "max": 0.03113
    },
    "compactness error": {
        "mean": 0.02553798021978022,
        "std": 0.018466732937026227,
        "min": 0.002252,
        "max": 0.1354
    },
    "concavity error": {
        "mean": 0.032552482637362636,
        "std": 0.03237025548146772,
        "min": 0.0,
        "max": 0.396
    },
    "concave points error": {
        "mean": 0.011672782417582418,
        "std": 0.006289718453434837,
        "min": 0.0,
        "max": 0.05279
    },
    "symmetry error": {
        "mean": 0.020778830769230767,
        "std": 0.008763886319346824,
        "min": 0.007882,
        "max": 0.07895
    },
    "fractal dimension error": {
        "mean": 0.003797283736263736,
        "std": 0.002780122846895767,
        "min": 0.0008948,
        "max": 0.02984
    },
    "worst radius": {
        "mean": 16.17722637362637,
        "std": 4.770019500898343,
        "min": 7.93,
        "max": 33.13
    },
    "worst texture": {
        "mean": 25.647296703296703,
        "std": 6.225469919270192,
        "min": 12.02,
        "max": 49.54
    },
    "worst perimeter": {
        "mean": 106.62529670329671,
        "std": 33.195052678428866,
        "min": 50.41,
        "max": 229.3
    },
    "worst area": {
        "mean": 869.0265934065934,
        "std": 552.926911565646,
        "min": 185.2,
        "max": 3432.0
    },
    "worst smoothness": {
        "mean": 0.13232892307692307,
        "std": 0.022550210201131498,
        "min": 0.07117,
        "max": 0.2184
    },
    "worst compactness": {
        "mean": 0.25432857142857146,
        "std": 0.15988196627658074,
        "min": 0.02729,
        "max": 1.058
    },
    "worst concavity": {
        "mean": 0.2765781912087912,
        "std": 0.2159365650765272,
        "min": 0.0,
        "max": 1.252
    },
    "worst concave points": {
        "mean": 0.11390433186813187,
        "std": 0.06678394559852541,
        "min": 0.0,
        "max": 0.291
    },
    "worst symmetry": {
        "mean": 0.29086527472527474,
        "std": 0.06462445104259315,
        "min": 0.1565,
        "max": 0.6638
    },
    "worst fractal dimension": {
        "mean": 0.08394461538461538,
        "std": 0.01840772120053645,
        "min": 0.05504,
        "max": 0.2075
    }
}