{
    "accuracy": 0.9736842105263158,
    "precision": 0.9726027397260274,
    "recall": 0.9861111111111112,
    "roc_auc": 0.996031746031746
}